gap_id	title	classification	evidence	required_action	closure_evidence
G072-01	Release compatibility policy is not synchronized	RELEASE BLOCKER	01 Compatibility Policy.txt Draft 0.1; I070; Ledger 071	Publish a versioned policy derived from I070/Ledger 071, using REQUIRED, PROFILE REQUIRED applicability, OPTIONAL, NOT GUARANTEED, and OUTSIDE SCOPE consistently; remove obsolete unresolved-release language.	Approved policy file, hash, cross-reference audit, and explicit authority statement.
G072-02	Release conformance specification is absent	RELEASE BLOCKER	03 Conformance Strategy.txt says “Under development”; I071 contains the final framework	Promote I071’s frozen inventory, case/oracle rules, evidence schemas, campaign phases, and certification model into a versioned public conformance specification without changing their semantics.	Published conformance specification whose generated/validated tables hash-match or explicitly version the I071 artifacts.
G072-03	Normative profile registry and first-RC applicability are not frozen	RELEASE BLOCKER	I070 sections 8 and 12; Ledger 071 applicability; I071 selected_profiles field	Assign stable profile identifiers and versions; define inheritance, required cases, and whether each profile is included, available, or excluded from the first RC.	Profile registry plus validation that all 28 PROFILE REQUIRED and 3 OPTIONAL cases resolve to a declared identifier/status.
G072-04	Release manifest and authoritative-document map are absent	RELEASE BLOCKER	I071 campaign manifest schema; compatibility directory inventory	Create the RC manifest binding policy, Ledger 071, conformance specification/tables, profile registry, certification rules, evidence requirements, versions, hashes, and supersession precedence.	Machine-verifiable manifest with no missing or ambiguous normative input.
G072-05	Publication index is stale	RELEASE RECOMMENDATION	compatibility/gophermap	Update the Gopher index during RC assembly to point to the authoritative versioned files and remove “intentionally incomplete” status.	Link audit with every published target present.
G072-06	Legacy draft/version files need supersession labeling	RELEASE RECOMMENDATION	Compatibility directory contains sequential historical ledgers and Draft 0.1 policy/strategy	Retain history but clearly mark Ledger 071 and the RC documents as authoritative; prevent older ledgers from being mistaken for current requirements.	Release index and manifest state authority and supersession unambiguously.
G072-07	Executable conformance runners and fixtures are incomplete	IMPLEMENTATION FOLLOW-UP	I062 pilot; I071 sections 11 and 14	Implement proposition-level runners, verified fixtures, artifact capture, aggregation, and certificate generation before claiming candidate certification.	A complete campaign with content-addressed artifacts and no applicable BLOCKED or ERROR result.
G072-08	No BetterCP/M candidate campaign has been executed	IMPLEMENTATION FOLLOW-UP	I071 explicitly executes no candidate; project investigation scope	After an implementation exists, run the required certification level and selected profiles against the frozen framework.	Candidate campaign manifest, per-case results, audit, and certificate or failure report.
G072-09	Expanded corpus and scarce-hardware endorsements remain open-ended	FUTURE ENHANCEMENT	I064-I067; I071 open questions	Add corpus/hardware endorsements only as separately versioned claims after baseline RC preparation.	Supplemental campaign and named endorsement/profile evidence.
