release_id	artifact	status	owner	authoritative_inputs	creation_plan	gate
STD-001	BetterCP/M CP/M 2.2 Compatibility Standard RC1	MISSING	Release standards editor	Ledger 072; I070; final compatibility policy	Create a concise normative standard stating scope, dispositions, profile layering, authority, exclusions, and conformance relationship.	No proposition, disposition, applicability, or oracle semantic drift.
POL-001	BetterCP/M Compatibility Policy 1.0-rc1	MISSING; Draft 0.1 exists	Compatibility policy editor	I070 policy matrix; Ledger 072	Replace release use of Draft 0.1 with synchronized final vocabulary and authority rules; preserve Draft 0.1 as history.	All 49 I070 decisions and five release classifications reconcile.
LED-001	Compatibility Ledger 072	READY	Ledger custodian	02 Compatibility Ledger - Investigation 072.txt	Include byte-for-byte with SHA-256 eb16466fdbff8fb2bc07bd02a07198b8426fb6452be3dd1f256cbff4af0547d3.	627 proposition blocks unchanged.
CON-001	CP/M 2.2 Conformance Specification 1.0-rc1	MISSING; I071 source complete	Conformance editor	I071 report and all frozen tables	Publish I071 rules with exact included table hashes and no semantic redefinition.	62 test IDs, 627 cases, 627 oracles, schemas and aggregation validate.
PRO-001	Compatibility Profile Registry 1.0-rc1	MISSING; profile sources exist	Profile registry editor	Ledger 072 applicability; I070 profile-boundaries; I071 case applicability	Assign stable IDs/versions, inheritance, case sets, and INCLUDED/AVAILABLE/EXCLUDED first-RC state.	Every 28 PROFILE REQUIRED and 3 OPTIONAL case resolves exactly once.
TST-001	Frozen test and oracle tables 1.0.0	READY	Conformance custodian	I071 probes	Copy exact I071 TSV artifacts into conformance package and preserve hashes.	No table changes; manifest hashes match I071.
MAN-001	Release manifest 1.0-rc1	MISSING	Release engineer	All release artifacts plus I071 manifest principles	Bind IDs, versions, roles, paths, hashes, authority, supersession, profiles, and package completeness.	Every normative reference resolves; no duplicate authority.
IDX-001	Publication index and Gopher map	STALE	Publication maintainer	Release manifest	Publish current links, authority status, versions, and historical archive separation.	Automated link/target audit passes.
NOT-001	Release notes and known limitations	MISSING	Release editor	I072 gaps; implementation/campaign status	State specification-only status, unimplemented runners/candidate certification, selected profiles, and future endorsements.	No unsupported compatibility or certification claim.
